Nom de l'image,Eye Aspect Ratio ,Mouth Aspect Ratio ,Distance Sourcil-Oeil,Étiquette (Bâillement)
frame_100.jpg,0.3592681942951713,0.35355339059327373,24.287602628412017,1
frame_101.jpg,0.35435807334153246,0.38138250311813976,23.658759965724357,1
frame_102.jpg,0.35893480157392066,0.3798956602738145,23.582187760283084,1
frame_103.jpg,0.3448368829333165,0.4329206792151857,24.140372977127043,1
frame_104.jpg,0.3661281922699682,0.40199777355695815,24.130491711761813,1
frame_105.jpg,0.3341866990874382,0.4393293137690857,25.029216751255838,1
frame_106.jpg,0.36074413225036583,0.44193390926634396,23.58181115415217,1
frame_107.jpg,0.36753781182285805,0.4613822772970473,23.625985339234283,1
frame_108.jpg,0.37142255630036686,0.4402448337309984,23.88433203757487,1
frame_109.jpg,0.3592800869771797,0.4835635617422013,24.15850109934068,1
frame_110.jpg,0.36192046655530224,0.4701806769696445,23.827859100696028,1
frame_111.jpg,0.3518887580466188,0.5144285142646663,24.079065214385302,1
frame_112.jpg,0.35705113064408,0.5032208373127968,23.816792889947457,1
frame_113.jpg,0.3662635042437119,0.5145582966974868,24.04726135937897,1
frame_114.jpg,0.35557745666799434,0.49144756618052327,24.33413268965616,1
frame_115.jpg,0.3540338817609837,0.494045078456513,23.69962457671961,1
frame_116.jpg,0.3635985426348124,0.4943094186698057,24.090536521251792,1
frame_117.jpg,0.35697265476488693,0.5050673248758216,23.888657795432895,1
frame_118.jpg,0.376811612047252,0.5146259346349978,23.930267654231233,1
frame_119.jpg,0.3822568277631684,0.5050552755974103,23.17299424818671,1
frame_120.jpg,0.3661053944845412,0.4969144796723706,23.55728099743206,1
frame_121.jpg,0.38450475766058,0.5241067207263767,24.209758430521937,1
frame_122.jpg,0.3876262843504681,0.5479297534866665,23.371552650460643,1
frame_123.jpg,0.38677613159934354,0.5255556224630624,23.433268806916082,1
frame_124.jpg,0.3736776761447335,0.5249553514158088,23.07952835234596,1
frame_125.jpg,0.39095347130449887,0.5715872380718514,23.07312788791934,1
frame_126.jpg,0.3860636037889701,0.5366563145999494,23.178424534251988,1
frame_127.jpg,0.43431144473147487,0.5592290473243264,22.517680284904827,1
frame_128.jpg,0.40031849213102333,0.49069632743001035,22.66666569387806,1
frame_129.jpg,0.43283274397643134,0.5142956348249516,22.14261406574093,1
frame_130.jpg,0.40446558535329247,0.5213978290137501,22.16151199214045,1
frame_131.jpg,0.3789770057660151,0.536039587572327,23.935773144854757,1
frame_132.jpg,0.413576572836884,0.5274576636107995,22.57522006537809,1
frame_133.jpg,0.40061394317314925,0.5232568388327339,22.935762185497744,1
frame_134.jpg,0.3905642032389627,0.5226982618276197,23.530561378213203,1
frame_135.jpg,0.40016204338073735,0.5164572924054996,22.627325603639353,1
frame_136.jpg,0.38520188512762243,0.49069632743001035,22.76738252416486,1
frame_137.jpg,0.3981112822955877,0.5029967695032292,23.145518194854105,1
frame_138.jpg,0.3842224914098635,0.5033147008317902,23.503792421057895,1
frame_139.jpg,0.40016204338073735,0.5258602590261033,23.018280944037194,1
frame_140.jpg,0.39616635536416406,0.4782079725078963,23.17934034918163,1
frame_141.jpg,0.3907615193951145,0.5487237485489774,23.31759410705953,1
frame_142.jpg,0.3996392280922776,0.5501363713401788,22.997402290920526,1
frame_143.jpg,0.32257646234121373,0.26493258472288667,30.36139141438509,1
frame_144.jpg,0.36448993671598473,0.4905270812514418,23.147710599307537,1
frame_145.jpg,0.3848104679526485,0.4912951777897994,23.038279213241765,1
frame_146.jpg,0.3449338005949737,0.4879681952689499,33.188861184110905,1
frame_147.jpg,0.37868014218595836,0.2571458390753066,28.540761031127925,1
frame_148.jpg,0.3526157445876641,0.36359034142555974,33.52748017327788,1
frame_149.jpg,0.33781648744003656,0.37564544776584946,33.91260594227994,1
frame_150.jpg,0.3618243671904688,0.5325794432612622,33.16197904376817,1
frame_151.jpg,0.3344292742015066,0.5982511070989591,33.17283997150937,1
frame_152.jpg,0.32800308181361926,0.541120353521012,33.77198342529646,1
frame_153.jpg,0.29508338922230953,0.20050621529342963,32.544733216111965,1
frame_154.jpg,0.31570625199506364,0.25117880791126374,31.038009576619416,1
frame_155.jpg,0.24717269549330603,0.31708482313338,29.21304196926041,1
frame_161.jpg,0.45045168752542897,0.44012681784752683,37.18930117243618,1
frame_162.jpg,0.4298822340960096,0.4083610074243193,37.75026756776441,1
frame_163.jpg,0.4266382157258648,0.5187500107803389,38.88291279572425,1
frame_164.jpg,0.4166148626185193,0.49132084568276774,37.9588041227692,1
frame_165.jpg,0.4592831252365531,0.5594321574432195,36.56821114442877,1
frame_166.jpg,0.25104422770421286,0.225702295654314,34.28386457382082,1
frame_168.jpg,0.28819123778562605,0.6565792209826304,31.53762702498279,1
frame_169.jpg,0.4569040249282914,0.5009283684774817,34.76526187547461,1
frame_170.jpg,0.42148872546707145,0.4851871078187356,36.55226233784514,1
frame_171.jpg,0.40016663008730635,0.42989464511888104,34.84591405051758,1
frame_172.jpg,0.33139368241184375,0.4488052745864784,36.728851167028246,1
frame_173.jpg,0.3432844819837232,0.4331411878594822,33.961003728830676,1
frame_174.jpg,0.3101313765110015,0.5994718010504905,32.450418276599706,1
frame_175.jpg,0.32736861209498247,0.596993528396821,34.918888929466284,1
frame_176.jpg,0.30689163189964835,0.5198778738286682,31.54468739958512,1
frame_177.jpg,0.30718338157782,0.3289345406812361,32.845312093081795,1
frame_178.jpg,0.29024981873910327,0.5329264382220288,31.92101007364017,1
frame_179.jpg,0.3179027811206814,0.27276738761391894,32.97063519824799,1
frame_180.jpg,0.34087092074039016,0.3341222363722885,31.950436429290207,1
frame_181.jpg,0.29986822318392925,0.47658025396096165,31.232970365623924,1
frame_182.jpg,0.3494034595064368,0.34711728459173213,32.117474320130434,1
frame_183.jpg,0.3203270255476227,0.5229854039266505,32.714110236797595,1
frame_184.jpg,0.34171705655911916,0.5116083217849717,32.914980742856756,1
frame_185.jpg,0.29620897561813564,0.46288270670070475,35.93105377885799,1
frame_186.jpg,0.36909858092024306,0.641538256574195,31.587868974789068,1
frame_187.jpg,0.3167865570159871,0.3776834996294559,33.37405016570956,1
frame_188.jpg,0.35620315762880533,0.44776928643446484,31.22118363345062,1
frame_189.jpg,0.34483290596144134,0.5013316055349205,31.557138471665837,1
frame_190.jpg,0.36961587027662457,0.4888292264421038,28.676344546530665,1
frame_191.jpg,0.316130433819547,0.46727281254806563,33.66390561817863,1
frame_192.jpg,0.36037864012942544,0.5232211106009699,32.92795851976966,1
frame_193.jpg,0.3779774577049883,0.4910599434304882,31.938500481742267,1
frame_194.jpg,0.41355871347973405,0.4355005313521432,32.92081800922027,1
frame_195.jpg,0.38027897500410024,0.5993712796016311,30.936834715279012,1
frame_196.jpg,0.41827520833052556,0.6503879385997482,32.289903644757516,1
frame_197.jpg,0.36291532296984885,0.5871303778302883,31.937057008518636,1
frame_198.jpg,0.3546295775328734,0.5325843713446126,33.53025012483432,1
frame_199.jpg,0.32159402146556193,0.5657267704084453,32.93312851289818,1
frame_200.jpg,0.3759498007309191,0.5457175252459574,32.80750027374029,1
frame_201.jpg,0.31186137464473984,0.5962579738971274,32.17185076247995,1
frame_202.jpg,0.35080840893947673,0.523795474970082,32.49157287005808,1
frame_203.jpg,0.34218782857384444,0.5347809289146,32.22200532339411,1
frame_204.jpg,0.36288722668110046,0.5860832361021869,33.14910930450695,1
frame_205.jpg,0.2131470912712728,0.5986827270545674,32.99922508917592,1
frame_206.jpg,0.2885491739125081,0.5331318342056404,33.16349035814985,1
frame_207.jpg,0.27798300546992305,0.6102464716355739,33.092722626263466,1
frame_208.jpg,0.30288079867781237,0.6630679263272412,32.944706213595815,1
frame_209.jpg,0.33735509775070827,0.6446683146648923,32.987717246954084,1
frame_212.jpg,0.28619695754756075,0.5974628631432805,30.975685855080904,1
frame_213.jpg,0.28636224641817976,0.5956098817361238,33.01785137286199,1
frame_214.jpg,0.312444808683857,0.576711214374235,31.499580593578976,1
frame_215.jpg,0.2794447860413322,0.5953957701057627,31.400270810311287,1
frame_216.jpg,0.27851898254494645,0.5727984491659505,31.280500017909176,1
frame_217.jpg,N/A,N/A,N/A,1
frame_222.jpg,N/A,N/A,N/A,1
frame_249.jpg,0.25714743213237556,0.439645983268387,25.42894237435867,1
frame_252.jpg,0.09812920452607646,0.47738646702624865,46.88607769251386,1
frame_260.jpg,0.3238983477555352,0.38014296063485276,24.608943399209252,1
frame_261.jpg,0.3170596866848887,0.35670824673178986,25.611500458054476,1
frame_263.jpg,0.27458095135057126,0.3800581556314084,40.42350252881203,1
frame_281.jpg,0.33166388047032846,0.39512657849891103,27.0425321036751,1
frame_282.jpg,0.34918796443647626,0.3304925356949062,26.573366291395253,1
frame_286.jpg,0.20766615872804992,0.44569508216790205,27.3312572807383,1
frame_289.jpg,0.22650740029065797,0.2925705656155373,44.45981055894766,1
frame_293.jpg,0.23076600200065883,0.2560144774870643,46.3276570050651,1
frame_294.jpg,0.24049545882110213,0.28840991844500913,47.14690544074017,1
frame_296.jpg,0.21346176641642156,0.33293435239446223,49.01950791407548,1
frame_297.jpg,0.2253021129302868,0.49002659547261773,29.51146795952675,1
frame_30.jpg,0.35657652833571263,0.6492900859923263,30.718834297442278,1
frame_300.jpg,0.17070069436965327,0.5202804275683218,27.01264454917753,1
frame_301.jpg,0.23382228855315357,0.709694625870708,30.69379807656754,1
frame_302.jpg,0.25415581924480146,0.7764882695056463,27.7014346792484,1
frame_303.jpg,0.1733698369494415,0.3820230665164863,28.467117161336596,1
frame_304.jpg,0.20664808945978605,0.5159679851797486,31.228914647631107,1
frame_305.jpg,0.3144336100107121,0.5308918475981279,34.36224622875829,1
frame_306.jpg,0.27351202197685603,0.44335116949685643,31.46084709526104,1
frame_307.jpg,0.2822202901859102,0.6229122926788236,30.89435345756048,1
frame_308.jpg,0.3161260098410782,0.5970484712078316,32.14474471858569,1
frame_311.jpg,0.13752166012734027,0.6347925330254109,28.921844395095924,1
frame_312.jpg,0.19658869018188438,0.5792476965326403,30.47012509034384,1
frame_313.jpg,0.15936844182204693,0.3981648424018343,31.877992781317033,1
frame_314.jpg,0.19485213095021117,0.4108427943994428,30.068282197831856,1
frame_318.jpg,0.18034353981739415,0.45726362291741857,31.397778085273977,1
frame_354.jpg,0.29534907175697583,0.22326038553670394,31.496677219359125,1
frame_355.jpg,0.27729563177058075,0.5646862167701451,35.040666388762055,1
frame_357.jpg,0.35871471438541236,0.3855176431903074,23.976363279090943,1
frame_358.jpg,0.3028260425137095,0.49743952797848673,28.62788748904791,1
frame_359.jpg,0.3819636001037049,0.4266924586347916,23.235077182909407,1
frame_360.jpg,0.36283262578942355,0.4230587207583805,23.093345234384877,1
frame_361.jpg,0.3729640054617648,0.4172383964884191,22.6453789664193,1
frame_362.jpg,0.3738949887066604,0.4365641250653993,22.956940136122263,1
frame_363.jpg,0.3375640586887351,0.4447074385282451,23.727296277755023,1
frame_364.jpg,0.32506655381140437,0.4772607021092118,24.248720437064677,1
frame_365.jpg,0.1951614311477846,0.5191915852558562,29.976568626884347,1
frame_366.jpg,0.164740319554244,0.5049397467235974,32.67980672820815,1
frame_367.jpg,0.2153178994127169,0.5182351196679885,30.958119873769242,1
frame_368.jpg,0.19369027633265412,0.5279341211256219,31.786599526785228,1
frame_369.jpg,0.17377623050613938,0.5262528034406115,31.499418147014385,1
frame_370.jpg,0.1891185299156742,0.46849965616343964,32.28987533137146,1
frame_371.jpg,0.15256099857193584,0.45672373531174393,31.557323081737778,1
frame_372.jpg,0.13276784455421103,0.4789892661984445,30.14921592597055,1
frame_374.jpg,0.1926685571303268,0.5121822168976907,27.61875820418254,1
frame_375.jpg,0.24116744597669254,0.5145582966974868,25.665344261924805,1
frame_376.jpg,0.25227694382549287,0.5187469564494358,24.793482273593035,1
frame_377.jpg,0.2883732294518136,0.5839123516048947,24.553154140456122,1
frame_378.jpg,0.3092403710283693,0.5398993252362095,24.075603792946914,1
frame_379.jpg,0.33294354506392626,0.5414871905338439,23.387327407944635,1
frame_380.jpg,0.322492661504045,0.5396603283241891,23.97280917910291,1
frame_381.jpg,0.33428529614013014,0.5606220948949632,23.447008716775002,1
frame_382.jpg,0.3335572092751773,0.521303596420216,23.297307363662135,1
frame_383.jpg,0.3408834692967121,0.542365533452132,23.644904059304988,1
frame_384.jpg,0.3500431706046592,0.5229920745663089,23.20409847407855,1
frame_385.jpg,0.3587231339629774,0.5126075349412379,23.201665542700987,1
frame_386.jpg,0.3576124472909359,0.5864752219452981,23.927790239342855,1
frame_387.jpg,0.3651032400966048,0.5013201343108343,22.262951565369534,1
frame_388.jpg,0.3842575645012005,0.600425274709943,21.89678695927777,1
frame_389.jpg,0.3683776868628681,0.49858695713284046,23.128550621185568,1
frame_390.jpg,0.38416612516315385,0.5111808119428846,22.634110898974246,1
frame_391.jpg,0.37827092420944997,0.48569950324838873,23.50349966819459,1
frame_393.jpg,0.3765651036837474,0.4583145150633057,22.201444791761446,1
frame_394.jpg,0.3541830965309467,0.5447670420505112,22.585954604971164,1
frame_395.jpg,0.3644125401742876,0.49966164186720197,22.964538936095376,1
frame_396.jpg,0.36438631534152627,0.533792095211546,23.298390420623917,1
frame_397.jpg,0.3563745984640569,0.5100804137287871,23.608425866902593,1
frame_398.jpg,0.38148106897156897,0.4604554601361904,22.119273859464826,1
frame_399.jpg,0.3739484379813965,0.5022110660619703,22.55479072777167,1
frame_400.jpg,0.3703172738527519,0.4942656935983783,22.467586216614215,1
frame_401.jpg,0.35895157640235503,0.4497697324275347,23.261258412331223,1
frame_402.jpg,0.36650484502579855,0.50196121912174,23.330395825054502,1
frame_403.jpg,0.37401943340981103,0.43304066254842594,23.084533465694328,1
frame_404.jpg,0.39860875147167335,0.45396154141191425,22.762457234972118,1
frame_416.jpg,0.3174365710130702,0.5107679506799021,28.933528456551493,1
frame_417.jpg,0.3154225190412052,0.5446417312184363,28.396842487563042,1
frame_419.jpg,0.3183704476166581,0.5113099925649136,28.636716231588675,1
frame_420.jpg,0.31583641606565344,0.5173757646101825,28.013698829283335,1
frame_421.jpg,0.29875469177850084,0.5160124815099408,28.432321216031717,1
frame_423.jpg,0.3010455925289406,0.5424300036263586,28.0216423371079,1
frame_429.jpg,0.28177472257999536,0.4816662689207731,28.29180378021148,1
frame_445.jpg,0.29682183849234345,0.5621255465743611,28.92694133565435,1
frame_446.jpg,0.2968089087434768,0.5241624057327646,29.242982674510323,1
frame_448.jpg,0.27398427243992896,0.5228196230745984,29.699520475719588,1
frame_508.jpg,0.3865862364412578,0.2272876564416223,29.887563988807603,1
frame_510.jpg,0.35488901214147006,0.1350858067395748,32.81784615887449,1
frame_544.jpg,0.4693121485263646,0.12764263457616165,31.401436513347775,1
frame_552.jpg,0.46033329751818564,0.14549399049483136,31.752976653593187,1
frame_578.jpg,0.33288638866747616,0.30549727669920257,21.199970742279625,1
frame_579.jpg,0.35580735990914525,0.2973880035282268,21.098136041019842,1
frame_66.jpg,0.06691948881657389,0.5039654683105964,37.348886437081006,1
frame_75.jpg,0.3193130731667737,0.5302465039149871,28.8458639328303,1
frame_76.jpg,0.31662035135496425,0.5661801779639812,28.308322657339783,1
frame_77.jpg,0.31563175030269536,0.5572414675267588,28.151177817046715,1
frame_79.jpg,0.23920333614946027,0.3253709880138464,26.544888941401126,1
frame_80.jpg,0.30905622003283695,0.3639352977905688,25.39664322881493,1
frame_81.jpg,0.34632520526980515,0.5248107569307531,27.826046273811166,1
frame_82.jpg,0.33362448415113444,0.572877751194191,28.44054462124943,1
frame_83.jpg,0.319417236123685,0.568238541960234,28.133933562594706,1
frame_85.jpg,0.27544741438077835,0.2890703095020595,26.10512506976149,1
frame_86.jpg,0.2716615459043935,0.29871519752227077,25.003153784340086,1
frame_87.jpg,0.34102536672361816,0.5458691775310353,28.826898970544864,1
frame_88.jpg,0.3411951233103646,0.5397125671404644,28.591415886555787,1
frame_89.jpg,0.3386782908851409,0.5048656968149942,19.564111736777047,1
frame_92.jpg,0.32699396007756487,0.5199186809079454,28.493821842312276,1
frame_93.jpg,0.3480210225912682,0.5056068834295012,28.202852651163077,1
frame_94.jpg,0.31149421569044544,0.4068499616138686,21.528301470779716,1
frame_96.jpg,0.34754842336576197,0.47881912194601983,19.060677107075094,1
frame_0.jpg,0.3869736812093488,0.031175951260049642,32.16184532848451,0
frame_1.jpg,0.33014988914050986,0.007961621941231026,33.73928047492096,0
frame_10.jpg,0.36101107181458675,0.008219949365267864,32.71304964929322,0
frame_100.jpg,0.3259885877580871,0.20549422858701485,32.3214202532814,0
frame_101.jpg,0.3179494635681933,0.22279084325320234,33.22950635776144,0
frame_102.jpg,0.33350907517460693,0.2205487235169933,33.38661861493199,0
frame_103.jpg,0.3479227016645453,0.23139692824055808,34.13464376452207,0
frame_104.jpg,0.2639577991214308,0.2158310304478823,34.437189200049424,0
frame_105.jpg,0.3256006427400089,0.19279432400270868,33.65015650452108,0
frame_106.jpg,0.3112817172247515,0.18744915805649637,33.71009507837487,0
frame_107.jpg,0.2715226824537321,0.1682709722737628,34.68829741461363,0
frame_108.jpg,0.2874814407981825,0.23569722612004468,33.0998483907453,0
frame_109.jpg,0.3313791617644526,0.23847110507219688,33.39314845690039,0
frame_11.jpg,0.31413293679331533,0.00758446834967764,33.58384850943653,0
frame_110.jpg,0.2618808304051484,0.189407974619499,33.47367195686894,0
frame_111.jpg,0.2924174516074013,0.24375613987750225,32.618138792075044,0
frame_112.jpg,0.2813171596195152,0.27121578022315623,32.34060420534935,0
frame_113.jpg,0.3188100377835835,0.20478417467987822,33.30145389637589,0
frame_114.jpg,0.3155518519305835,0.25548006309759247,36.76399068482901,0
frame_115.jpg,0.27115359039908216,0.11787084632938405,33.273911826156365,0
frame_116.jpg,0.23882342832564293,0.1359155420448346,34.41829469812399,0
frame_117.jpg,0.35389541278449616,0.054995249368739355,33.850660192757424,0
frame_118.jpg,0.35014351402264904,0.20272786194255688,35.21406510885602,0
frame_119.jpg,0.33473798127048976,0.0852887530148238,32.428962767540185,0
frame_12.jpg,0.3463740407444763,0.048107661219952726,34.42410032759393,0
frame_120.jpg,0.3745247694052303,0.15246971240805157,34.44754417657239,0
frame_121.jpg,0.31295863501680765,0.12840578712242398,32.98847902679987,0
frame_122.jpg,0.3531928255378095,0.11620409991333974,34.65305590623845,0
frame_123.jpg,0.38254414582506124,0.11230476442648318,35.32680850529528,0
frame_124.jpg,0.3121939818596636,0.10878183109485641,35.53345696037755,0
frame_125.jpg,0.3010016471059551,0.04428556867580722,35.95216775234063,0
frame_126.jpg,0.34473853339053145,0.0,32.22192381244875,0
frame_127.jpg,0.36283761335958037,0.027685644069188654,34.04528114711897,0
frame_128.jpg,0.33273469866654604,0.0572481034643619,33.98492591831528,0
frame_129.jpg,0.34966805287038627,0.007602859212697054,32.98140596959876,0
frame_13.jpg,0.3490453366099182,0.1548043895155685,36.96841438231324,0
frame_130.jpg,0.3162949968282338,0.015205718425394109,33.849282408188884,0
frame_131.jpg,0.3587026907226629,0.007818228340009527,33.46572873015603,0
frame_132.jpg,0.3648867640481418,0.01494536248230521,33.59345089517163,0
frame_133.jpg,0.35731874402850444,0.008219949365267864,32.658879456697974,0
frame_134.jpg,0.36243942068354584,0.018310526353181242,33.22568778877147,0
frame_135.jpg,0.3589061303479561,0.01984471323964979,33.44889350908562,0
frame_136.jpg,0.3604192186633438,0.0158810204201071,32.952650590326854,0
frame_137.jpg,0.35464069907678397,0.016939422832878557,34.38201517028971,0
frame_138.jpg,0.35135046818853033,0.02548603747614693,33.91582677755648,0
frame_139.jpg,0.33572429715792074,0.12260715137905509,33.37452991247028,0
frame_14.jpg,0.351862140234935,0.26328172220549495,33.93669968922448,0
frame_140.jpg,0.3649542913816834,0.1472819539849714,33.72820579273956,0
frame_141.jpg,0.3519678026389414,0.17742908414936429,34.613336694410776,0
frame_142.jpg,0.3297092722118358,0.20773860113125964,34.669784132693636,0
frame_143.jpg,0.34831651810479436,0.275558109615811,34.601148603598205,0
frame_144.jpg,0.2862825575099967,0.26164373977477196,36.919912749549056,0
frame_145.jpg,0.307119431457072,0.24987282818196388,35.052840237426295,0
frame_146.jpg,0.27418016657752897,0.021366253227731682,26.927874830265832,0
frame_147.jpg,0.32583627520696967,0.23215123629793985,35.37601522789685,0
frame_148.jpg,0.270433558033244,0.041621812453855246,27.56880825469137,0
frame_149.jpg,0.26065892601966567,0.02630668208823282,27.86102097526411,0
frame_15.jpg,0.3357429439863828,0.2879338441366858,34.0417180221819,0
frame_150.jpg,0.2999437193398359,0.0705750870483161,27.29147879945268,0
frame_151.jpg,0.31162151132505145,0.06587101431650562,28.77012043455694,0
frame_152.jpg,0.30925296031084726,0.03982839928698765,28.761205406172003,0
frame_153.jpg,0.38217081731004077,0.33787041301159265,35.70925706325068,0
frame_154.jpg,0.3131941029365861,0.3358643744858637,37.9427280402903,0
frame_155.jpg,0.3165179608703129,0.3251818617992757,34.1796737741789,0
frame_156.jpg,0.4271231486813146,0.4396686822891456,36.615679040341824,0
frame_157.jpg,0.36400615326419417,0.36935970119218375,37.249679334543124,0
frame_158.jpg,0.41645587694065134,0.421895289490386,37.60211229771204,0
frame_159.jpg,0.43022668126610464,0.37626404595173424,35.85172194083558,0
frame_160.jpg,0.4257270591021394,0.3715969472260765,35.881812130804676,0
frame_161.jpg,0.3197329682628316,0.028341402399547994,31.287458828459094,0
frame_162.jpg,0.3116539891351552,0.07300425906805993,30.95616658463844,0
frame_163.jpg,0.31222857540685317,0.029832808114796036,31.293691097371653,0
frame_164.jpg,0.3062397086472711,0.09993119758061905,31.50672460258116,0
frame_165.jpg,0.29015798628681405,0.06826296394121151,31.8928706575097,0
frame_169.jpg,0.3204415267396208,0.043050370963713204,31.215572310471902,0
frame_170.jpg,0.309734464320824,0.10268384105075327,31.12362414254291,0
frame_171.jpg,0.29444822417974026,0.0883710893551444,32.343935863373545,0
frame_172.jpg,0.29501481378525163,0.1333786723527924,31.77170795830839,0
frame_173.jpg,0.2373436157769573,0.031041533420092613,33.05906459229897,0
frame_174.jpg,0.1951065130473859,0.03644091840523969,33.07502443189371,0
frame_175.jpg,0.1852658364850324,0.03741329978935593,32.46152806489572,0
frame_176.jpg,0.20624200643437923,0.08944271909999159,34.072499648742316,0
frame_177.jpg,0.1992320542793515,0.03363654102581798,32.39316625579757,0
frame_178.jpg,0.3742815328975755,0.3298471659935111,31.800044094725244,0
frame_179.jpg,0.2673474347596508,0.07787446203399016,27.032107000805198,0
frame_180.jpg,0.2912953729125467,0.026781444625324412,28.96676707082421,0
frame_181.jpg,0.31555832915937243,0.169493214812968,32.148132379025824,0
frame_182.jpg,0.26418393211708324,0.1129226883638651,26.566725873232777,0
frame_183.jpg,0.32410827551332844,0.096163657270259,32.88309762548428,0
frame_184.jpg,0.29157637736731634,0.29549516158932637,32.69365193959509,0
frame_185.jpg,0.28806131354672304,0.20963794186722987,32.9043909827688,0
frame_186.jpg,0.3326241832777509,0.12015970817803676,32.908133510677395,0
frame_187.jpg,0.3160770916814719,0.017755520605710874,33.74366553059018,0
frame_188.jpg,0.32859142861994106,0.2754667926115053,33.14353613344218,0
frame_189.jpg,0.36116737374533747,0.03920513652301045,33.0315129091867,0
frame_190.jpg,0.35233108898606025,0.09195237934386886,35.06000528060626,0
frame_191.jpg,0.3454459963380002,0.1000460025029466,34.8091679272171,0
frame_192.jpg,0.3185133443838702,0.05587066879428358,33.93169372126464,0
frame_193.jpg,0.3217770887504171,0.1644443703648696,34.92767184005274,0
frame_194.jpg,0.38105881734314423,0.03366751044324252,36.50541170308823,0
frame_195.jpg,0.3562202441801178,0.12346222443033121,33.37066638522231,0
frame_196.jpg,0.2995233634537206,0.04365295276770846,32.982814623716,0
frame_197.jpg,0.3529319867254478,0.03787770095392851,34.69898185999414,0
frame_198.jpg,0.35558954342945576,0.02991632083057115,33.93427141925615,0
frame_199.jpg,0.39879305795489745,0.04708163676976325,32.57494393660177,0
frame_2.jpg,0.3521110612643755,0.01679545912169726,32.64811535007896,0
frame_200.jpg,0.37833144936628904,0.0265109018413732,31.89152531180083,0
frame_201.jpg,0.2940053734021976,0.054400361636485275,33.26923654059719,0
frame_202.jpg,0.38901707703741634,0.06529396220694628,32.5286211178114,0
frame_203.jpg,0.3497115105851399,0.06097107608496924,33.44294444802002,0
frame_204.jpg,0.35565629178605435,0.05636039950868547,32.38113990526936,0
frame_205.jpg,0.3217792403758374,0.05736398030503547,32.89991119873228,0
frame_206.jpg,0.3336629258208021,0.06434382168114536,32.67962884302402,0
frame_207.jpg,0.3626475974898008,0.03661260129691063,33.90840215796272,0
frame_208.jpg,0.38480676460972024,0.05820509830832317,33.00595205177476,0
frame_209.jpg,0.35277896564073596,0.020809093203130374,34.112387248393375,0
frame_210.jpg,0.37432525386600635,0.0512343901155022,34.92780542690034,0
frame_211.jpg,0.3014184920901721,0.041831373648642374,34.97455234060746,0
frame_212.jpg,0.35528039079090634,0.029920340490761352,34.738644131453285,0
frame_213.jpg,0.3047394284091658,0.05455089063239812,34.48382875528548,0
frame_214.jpg,0.3702424138631195,0.05782050226814317,34.207214111894686,0
frame_215.jpg,0.36203748943014347,0.01885874150406247,32.48037914143623,0
frame_216.jpg,0.32550771740979156,0.020115652706445223,32.873677141442144,0
frame_217.jpg,0.3471783488757022,0.02279803762937766,34.531957605604305,0
frame_218.jpg,0.34264012593688026,0.02243653128423514,33.86623842795788,0
frame_219.jpg,0.3177074317423153,0.026952263822920812,34.2854241119959,0
frame_220.jpg,0.33210308771111224,0.03663716527236559,32.490167523602295,0
frame_221.jpg,0.32885424553822107,0.03475706678180954,33.47729641297887,0
frame_222.jpg,0.32204364023507986,0.030414788849356743,33.63119882273783,0
frame_223.jpg,0.357236540757376,0.029433926048399933,33.54564579736328,0
frame_224.jpg,0.35090672940993545,0.02991632083057115,33.51980839019957,0
frame_225.jpg,0.33639091465563475,0.04289481198599358,33.01544384460678,0
frame_226.jpg,0.3704861459313964,0.019466932258164496,33.806081771799356,0
frame_227.jpg,0.3419954658430155,0.020447692170953942,33.472824818647794,0
frame_228.jpg,0.33399033780027065,0.027897137737067153,33.27374812784281,0
frame_229.jpg,0.3442269161547658,0.030414788849356743,34.28069649543471,0
frame_230.jpg,0.32434515858187607,0.03721042037676254,33.97176892485142,0
frame_231.jpg,0.32709872233043163,0.024806946917841695,34.470518505993525,0
frame_232.jpg,0.37516398883614754,0.021174053651991136,33.62279962694622,0
frame_233.jpg,0.3424818538513301,0.04572242967724327,32.767617209273155,0
frame_234.jpg,0.3429153600676998,0.03651240086313728,33.828297602596365,0
frame_235.jpg,0.3439341767839207,0.04365944053660327,33.942359561880664,0
frame_236.jpg,0.360290014528523,0.04650981911094687,33.10754935730098,0
frame_237.jpg,0.36223944639807737,0.06856622662527316,32.58338943794893,0
frame_238.jpg,0.4081551640789041,0.03318437763520804,33.39149986737863,0
frame_239.jpg,0.3458409379526247,0.07266844409799328,33.89725088155004,0
frame_240.jpg,0.42012135617751056,0.03144925232998804,33.05810735170926,0
frame_241.jpg,0.40580451961722297,0.041401567824256115,33.74425682714959,0
frame_242.jpg,0.33279065699429144,0.026189140043946207,34.231350304696356,0
frame_243.jpg,0.3802915782848827,0.0595636617035999,33.575276470971204,0
frame_244.jpg,0.401543321821713,0.025695990389290258,33.58268026025591,0
frame_245.jpg,0.41570839717728847,0.02726822050127244,32.958606538603945,0
frame_246.jpg,0.4109734682818206,0.04064906311086571,32.85234213101665,0
frame_247.jpg,0.3402260266205067,0.02618465060531822,33.726990984553595,0
frame_248.jpg,0.38399887108836084,0.04689347316894426,32.87445190124817,0
frame_249.jpg,0.38080102887891837,0.03782648023955171,33.04585785208472,0
frame_250.jpg,0.3782274498065284,0.040655781409087086,33.19216510375215,0
frame_251.jpg,0.3974308890436542,0.04689347316894426,32.76829923787115,0
frame_252.jpg,0.3330256206699457,0.04442539563373667,33.22053979094548,0
frame_253.jpg,0.3519459541002411,0.059533056069120426,33.744987855737186,0
frame_254.jpg,0.36361788020543184,0.036569053733123955,32.74449035725543,0
frame_255.jpg,0.36364794440119397,0.025249788139385214,33.23499819658397,0
frame_256.jpg,0.35400848728505363,0.03722130204029611,33.34887990250704,0
frame_257.jpg,0.3461307003362597,0.03411244653524793,32.74177169403737,0
frame_258.jpg,0.3625232962591014,0.04365295276770846,32.65454500470628,0
frame_259.jpg,0.3474826529311116,0.01694915254237288,33.149587213022315,0
frame_260.jpg,0.352541866776716,0.032253869436520144,31.328477389821746,0
frame_261.jpg,0.38826588050987587,0.042995100965562943,30.736583535324442,0
frame_262.jpg,0.37702674643059997,0.052638870154572116,32.608037556362795,0
frame_263.jpg,0.3737751734850022,0.05099784538654767,32.72158096878042,0
frame_264.jpg,0.37430873322133634,0.05076139393293701,32.84600381383941,0
frame_265.jpg,0.359324733374408,0.037507183540864984,32.26810763800438,0
frame_266.jpg,0.3585523371811003,0.05356715840055802,32.592453926989364,0
frame_267.jpg,0.3657616040004872,0.04574212206047368,32.10415637319724,0
frame_268.jpg,0.3602565816817831,0.04710370617073902,32.675518714133936,0
frame_269.jpg,0.3402260266205067,0.04873701788285794,33.31486230614999,0
frame_270.jpg,0.38662919033443977,0.05732155800063356,32.707669819802526,0
frame_271.jpg,0.37753283273229243,0.06386756780557827,32.37780007524212,0
frame_272.jpg,0.36197506559709625,0.072655987006259,32.140544723874406,0
frame_273.jpg,0.37802409082040267,0.041401567824256115,32.43685704720749,0
frame_274.jpg,0.41465163680376976,0.04816880451084558,30.515001271982236,0
frame_275.jpg,0.4082744566824371,0.03990434422338111,31.895403444359918,0
frame_276.jpg,0.3702493634380243,0.04869706829082673,33.17934252483271,0
frame_277.jpg,0.36815279047347294,0.021555478235474063,32.87826482075009,0
frame_278.jpg,0.34478637545335733,0.054089067157072034,33.32829415129967,0
frame_279.jpg,0.4038378669948126,0.06812097662253613,32.34510164475951,0
frame_280.jpg,0.39618014361526205,0.038761559954793676,31.886874592153895,0
frame_281.jpg,0.37741082913606083,0.039929785312496247,33.49238373314205,0
frame_282.jpg,0.3866655331201189,0.026678526425610413,32.12116812924047,0
frame_283.jpg,0.41297061203080576,0.05546948874920898,32.01325593944329,0
frame_284.jpg,0.3547604295196315,0.05544443578553015,32.68208886392607,0
frame_285.jpg,0.3645303319056127,0.038529995718547115,31.901009067159748,0
frame_286.jpg,0.38274313855290976,0.037107131654349076,32.226385986874725,0
frame_287.jpg,0.3806213065388998,0.047324786154270305,32.0631001382905,0
frame_288.jpg,0.34648179421314157,0.06386756780557827,32.42597734321485,0
frame_289.jpg,0.3706111609427325,0.05448964250334662,32.20021164313492,0
frame_290.jpg,0.38871402017689494,0.04650981911094687,32.30343998356557,0
frame_291.jpg,0.35940218883601727,0.04286407403006768,32.58633973020625,0
frame_292.jpg,0.3852779503389866,0.05638838744346009,32.36521129556036,0
frame_293.jpg,0.3834317542091359,0.054449240894393465,32.46828223815642,0
frame_294.jpg,0.37036556926811504,0.049441374719360234,31.97110374844896,0
frame_295.jpg,0.35114768001115015,0.047324786154270305,32.22061867347536,0
frame_296.jpg,0.37920505750284894,0.06289850465997608,31.340645672326183,0
frame_297.jpg,0.3702424138631195,0.04650981911094687,31.78615200942471,0
frame_298.jpg,0.3569583636235132,0.04568966548122108,32.38846060001683,0
frame_299.jpg,0.3744061510640029,0.05117144858054111,31.880428392436023,0
frame_3.jpg,0.3743298047483581,0.026824595137478834,33.23974286460796,0
frame_30.jpg,0.28845285520697883,0.11381335998552287,24.01664042403837,0
frame_300.jpg,0.3722459038073617,0.04816880451084558,31.988055918706458,0
frame_301.jpg,0.3955326868697784,0.04816880451084558,32.34825122411593,0
frame_302.jpg,0.3887152863302544,0.05632573863241662,31.283395998941387,0
frame_303.jpg,0.36886428718412884,0.039872611141445,31.740571703274703,0
frame_304.jpg,0.4183426384568687,0.04819183158785723,32.33603134183951,0
frame_305.jpg,0.3666169489919884,0.06381854072550001,32.50781059358212,0
frame_306.jpg,0.40555458513141285,0.06495492482642043,31.503973018907303,0
frame_307.jpg,0.40628731668669477,0.06386756780557827,31.190535486871696,0
frame_308.jpg,0.402581478073585,0.037856584884380165,31.869348780237793,0
frame_309.jpg,0.3916382214744899,0.04816880451084558,31.76227819952867,0
frame_310.jpg,0.38826588050987587,0.055401874609544474,30.986815901531696,0
frame_311.jpg,0.39953690175029977,0.05121075983207957,31.443956919964144,0
frame_312.jpg,0.39629332918265187,0.030894676566339648,31.79787336499878,0
frame_313.jpg,0.3951215849415627,0.03200032100056196,31.325069557420704,0
frame_314.jpg,0.3818000561727679,0.04728845791820009,32.76195925653221,0
frame_315.jpg,0.39530569679340516,0.054941554407536,31.88162928363068,0
frame_316.jpg,0.4000364656992824,0.06890705791669138,31.26293441108483,0
frame_317.jpg,0.3775050757584458,0.07223520684145557,32.444516344309314,0
frame_318.jpg,0.3625285762139657,0.072423878685765,31.920063088572448,0
frame_319.jpg,0.38040693144202087,0.03850142746688549,31.804095130291856,0
frame_320.jpg,0.3867156968468238,0.03917504122685571,31.48808133433072,0
frame_321.jpg,0.383430283826259,0.059284865271885485,32.32210125549503,0
frame_322.jpg,0.39300432350921843,0.04650981911094687,31.64006330733895,0
frame_323.jpg,0.3931039540007564,0.024350440792625046,32.007810593582114,0
frame_324.jpg,0.36782869524354567,0.054449240894393465,32.143954551538,0
frame_325.jpg,0.36076772136396934,0.06687597853162795,31.806840779689892,0
frame_326.jpg,0.36452702610954973,0.04647533418063948,32.18922776794851,0
frame_327.jpg,0.3971340054067625,0.06880144978774455,31.790875444052524,0
frame_328.jpg,0.40587551832056135,0.0543801166301298,31.373544045505483,0
frame_329.jpg,0.37351256354024587,0.0668042506553659,31.79620737075046,0
frame_330.jpg,0.390809541092337,0.055401874609544474,31.37409283503594,0
frame_331.jpg,0.3790300087049918,0.05750730639968656,33.23314239156572,0
frame_332.jpg,0.3896669960900194,0.07474215436972814,31.502426922302032,0
frame_333.jpg,0.4175739453623135,0.05612791650447583,30.328312857482594,0
frame_334.jpg,0.3877052517391495,0.050846398571280656,30.363484654562946,0
frame_335.jpg,0.40858456400712195,0.07953104084555299,31.382011732470488,0
frame_336.jpg,0.38719392809678704,0.04518989536794399,31.34139911851554,0
frame_337.jpg,0.37688479163582966,0.07075896919396896,31.02214931948014,0
frame_338.jpg,0.4015697482444365,0.03920513652301045,30.769143742156587,0
frame_339.jpg,0.4130837635239243,0.05544443578553015,30.98961900348408,0
frame_340.jpg,0.3968822345519634,0.03916246230570905,30.84284911171777,0
frame_341.jpg,0.3686770192997174,0.04900302650956516,31.166842319229815,0
frame_342.jpg,0.411617810814314,0.041467169845668915,32.28772387843914,0
frame_343.jpg,0.38414788617789886,0.04819183158785723,33.675349021832005,0
frame_344.jpg,0.4315049435514672,0.034430490243285095,32.74305369296576,0
frame_345.jpg,0.3864181934944362,0.032571033739817276,32.63122584162351,0
frame_346.jpg,0.38554685468844196,0.020799823430659205,32.85199330038548,0
frame_347.jpg,0.4009526697399898,0.054941554407536,32.00002500190443,0
frame_348.jpg,0.38133963559453454,0.07343977815345323,32.020172173034865,0
frame_349.jpg,0.39453527876666694,0.03925679419426603,31.252385130677183,0
frame_350.jpg,0.3976650516552611,0.08329059982685481,31.723483836649734,0
frame_351.jpg,0.40770526410639374,0.032571033739817276,31.498205504740557,0
frame_352.jpg,0.4202991707137584,0.03479813167021052,32.061987040228885,0
frame_353.jpg,0.42416452447725056,0.04215995475058805,30.854365806167593,0
frame_354.jpg,0.39853768559939196,0.03996094615853115,32.0376327552688,0
frame_355.jpg,0.3872572676987555,0.04900302650956516,32.567721567810096,0
frame_356.jpg,0.40100384356351626,0.03197575638421396,32.11839247065566,0
frame_357.jpg,0.3823088778684738,0.0413802944301184,32.44715198996069,0
frame_358.jpg,0.40403735503576244,0.01723113791988944,32.65240084830003,0
frame_359.jpg,0.40185597219995445,0.02885209246599115,32.839809519366185,0
frame_360.jpg,0.3578845358106755,0.07085690553038218,32.59857967460228,0
frame_361.jpg,0.39392460126176376,0.04993761694389223,32.273517900292106,0
frame_362.jpg,0.39888888323331106,0.07091957274840682,31.96131474754877,0
frame_363.jpg,0.4289321689197766,0.06972309297516462,31.25505099527714,0
frame_364.jpg,0.4283748855055678,0.037880720420707906,31.75522299422843,0
frame_365.jpg,0.4195844316635945,0.08201414608733913,32.48170330328014,0
frame_366.jpg,0.4299841684148231,0.06355573161698848,30.80321329254408,0
frame_367.jpg,0.4019915221712936,0.060227047388879164,31.910288474975033,0
frame_368.jpg,0.3923709631711837,0.0714232775710811,31.946510505849403,0
frame_369.jpg,0.4004283078446833,0.0178315737905373,32.01492487342827,0
frame_370.jpg,0.4363319884725191,0.02618465060531822,31.43750999527334,0
frame_371.jpg,0.4395986070473158,0.07629431565326783,31.35147357276335,0
frame_372.jpg,0.38367744964112727,0.06488275839293492,32.06561851946498,0
frame_373.jpg,0.42636383568715774,0.03578019641974571,30.43821879412849,0
frame_374.jpg,0.4031635970956852,0.03500164074036546,31.262677035287414,0
frame_375.jpg,0.4164909773256046,0.046040864565872544,30.829827000717863,0
frame_376.jpg,0.43264936308404944,0.020784401300985873,30.993459559051217,0
frame_377.jpg,0.37477995776343587,0.03197575638421396,32.6614478351782,0
frame_378.jpg,0.29437432509931905,0.021932899721430872,33.972766438125944,0
frame_379.jpg,0.3436275615994191,0.0452114983786758,33.60540605041551,0
frame_380.jpg,0.3530679582346925,0.018490006540840973,33.00626815286055,0
frame_381.jpg,0.34051665085196436,0.033096963910408395,32.73923598699372,0
frame_382.jpg,0.3435816773214373,0.028875054739793675,32.86185779586816,0
frame_383.jpg,0.3297266118999659,0.03050722985035703,33.10397744718671,0
frame_384.jpg,0.38274313855290976,0.0377678793612598,31.745231636925816,0
frame_385.jpg,0.38391053792400964,0.04452940624244353,32.343778381630045,0
frame_386.jpg,0.4053995429818219,0.08349319795758826,32.143296096086154,0
frame_387.jpg,0.3792872889808344,0.03050722985035703,31.540763125606176,0
frame_388.jpg,0.39477995130365373,0.028875054739793675,31.633811976171323,0
frame_389.jpg,0.3705440946377,0.028369103294766336,32.434814276926836,0
frame_390.jpg,0.3833832184825514,0.03713563832802745,31.61054208390252,0
frame_391.jpg,0.3945718861852353,0.018169809053571493,32.756699196961215,0
frame_392.jpg,0.38373563841149994,0.03379310921478717,31.56263562309728,0
frame_393.jpg,0.3697126093745934,0.039429075722387796,32.216584206414765,0
frame_394.jpg,0.39432778575383176,0.050927789034605375,32.48169601988785,0
frame_395.jpg,0.38850099367875524,0.033178893973659376,31.959555327160736,0
frame_396.jpg,0.3975618483193869,0.054880513061674435,31.404876660446952,0
frame_397.jpg,0.3827452021715575,0.07082534134121166,32.23678427294191,0
frame_398.jpg,0.3579107574780607,0.008922882628103122,33.530788389888656,0
frame_399.jpg,0.4011403955803844,0.03471220315399718,31.923977336188408,0
frame_4.jpg,0.32991407054687033,0.038280754671173964,32.90274367293472,0
frame_400.jpg,0.40799250859581704,0.05638838744346009,32.260749497503035,0
frame_401.jpg,0.3962232493124146,0.021164287772317845,31.90124175389127,0
frame_402.jpg,0.2760752742215204,0.030083160837373397,24.112717693665076,0
frame_403.jpg,0.2843529933866725,0.018425353680316933,23.89993812263566,0
frame_404.jpg,0.2882667067726013,0.041200343338664604,23.192703911497915,0
frame_405.jpg,0.2906853791936244,0.018154547649524795,23.83766165904101,0
frame_406.jpg,0.2787179170400564,0.16626930138877377,23.204816104904147,0
frame_407.jpg,0.3186400089320376,0.11565564374585574,24.225043235414045,0
frame_408.jpg,0.27921119414216145,0.09127652911573134,23.856233012735828,0
frame_409.jpg,0.33329017378096126,0.02536552148495977,23.30992386109464,0
frame_410.jpg,0.2960345149231322,0.05131174172308562,23.44454135766097,0
frame_411.jpg,0.2905415414197096,0.07445393874971484,23.350162712422026,0
frame_412.jpg,0.29567791545435695,0.080840794212427,22.71735606905837,0
frame_413.jpg,0.2785455386347874,0.08892972917998876,23.505344091033486,0
frame_414.jpg,0.3116887494285019,0.033384376262469005,22.45041921221101,0
frame_415.jpg,0.2785740296792782,0.0424924897791555,23.18440093249307,0
frame_416.jpg,0.31528166417785686,0.03964260755702178,22.615787105558514,0
frame_417.jpg,0.259719818282661,0.027765419104568666,22.955013997903684,0
frame_418.jpg,0.27378400795884633,0.007692307692307693,22.7569745384819,0
frame_419.jpg,0.2959895385012777,0.016640801078157803,21.958585013095593,0
frame_420.jpg,0.26438957689222253,0.13442414561646138,22.898263816315662,0
frame_421.jpg,0.2983146142110521,0.08232587925108736,22.65685564687285,0
frame_422.jpg,0.3169188561945769,0.021775751442732798,22.174528438759133,0
frame_423.jpg,0.2551017205457239,0.04552302585560536,23.23604491120114,0
frame_424.jpg,0.2730757252400301,0.04671319103223502,23.74171726312762,0
frame_425.jpg,0.27560514144979176,0.010213657437345557,23.224934486772188,0
frame_426.jpg,0.2727352094720478,0.0377146413727277,23.74316019185339,0
frame_427.jpg,0.2896506158322659,0.06313423797504276,23.420058308914,0
frame_428.jpg,0.2787670469213165,0.06129360551760735,22.789909960380246,0
frame_429.jpg,0.27728438934228145,0.06201035294551268,22.964386663437285,0
frame_430.jpg,0.27329013406550556,0.06890535840811314,23.911435898064546,0
frame_431.jpg,0.28774614510054985,0.04687942085599097,22.76214901014481,0
frame_432.jpg,0.3223603090257217,0.026056682889875303,24.355178227663906,0
frame_433.jpg,0.2978122907224979,0.036155076303109365,22.89846013203327,0
frame_434.jpg,0.3023939311505288,0.041089686128948026,24.231633078217776,0
frame_435.jpg,0.29187346595555436,0.021913285395639154,24.394710193170376,0
frame_436.jpg,0.2650922347789518,0.020566058960973188,24.484113707978988,0
frame_437.jpg,0.20375670287105385,0.07574401249771316,29.744331408217416,0
frame_438.jpg,0.19457674438931888,0.031095801358759854,29.227452498273102,0
frame_439.jpg,0.17654055892743037,0.11806365786594278,29.712559106224532,0
frame_440.jpg,0.17041895394935447,0.03152478604248286,29.30362850137007,0
frame_441.jpg,0.16856904306339493,0.02536552148495977,27.445171705887695,0
frame_442.jpg,0.18749641730804967,0.01700837698775117,26.234730804319973,0
frame_443.jpg,0.2332211020529291,0.06324271725235069,25.21170988108318,0
frame_444.jpg,0.24126250762674697,0.1321599157197593,24.517570722838766,0
frame_445.jpg,0.25742899903947325,0.10029705976898766,24.92501554738996,0
frame_446.jpg,0.2661467633793003,0.0742471181268555,24.393969214826075,0
frame_447.jpg,0.2959566877875942,0.11258876058134937,23.737791555340443,0
frame_448.jpg,0.29404584199764994,0.0967567138997523,24.293857297250938,0
frame_449.jpg,0.30392262817779137,0.03363786795298461,23.86499522028214,0
frame_450.jpg,0.3214732565694237,0.044338192474529865,22.60739524723932,0
frame_451.jpg,0.3120539364911076,0.061966228025437387,24.352453675710134,0
frame_452.jpg,0.28934160277884535,0.0487267961630292,23.65505477328206,0
frame_453.jpg,0.2876122711756103,0.06759517869971506,22.416402998333332,0
frame_454.jpg,0.3266645109637554,0.026892634847610827,22.09571565650966,0
frame_455.jpg,0.3250797774364751,0.07077706274737529,23.456247396964812,0
frame_456.jpg,0.3056617742901479,0.01885184070191496,24.066329474095888,0
frame_457.jpg,0.30913285372136357,0.06462744589363792,23.96750565132593,0
frame_458.jpg,0.31732450415502794,0.06252939630719055,23.35897313177926,0
frame_459.jpg,0.316205087306146,0.06645079348768013,22.620567930549342,0
frame_460.jpg,0.35289197539923356,0.06180270763054871,22.34550275282141,0
frame_461.jpg,0.33771288328160987,0.052494844560617725,22.263621967891424,0
frame_462.jpg,0.32811809207139997,0.0692958928675237,22.61297156747049,0
frame_463.jpg,0.3311579137649056,0.041522739926869986,21.9807189755271,0
frame_464.jpg,0.3404589810098837,0.10624947112826759,22.61511105594053,0
frame_465.jpg,0.33751600316105423,0.016085155024444558,21.88402240581474,0
frame_466.jpg,0.3385257770075672,0.060294261080417945,22.38389229350669,0
frame_467.jpg,0.3231904095351437,0.0236786358804563,24.396805336541625,0
frame_468.jpg,0.281557884481187,0.05322869778730168,24.415859562359067,0
frame_469.jpg,0.19285485429643118,0.02711831126432142,27.67268215440599,0
frame_470.jpg,0.15854975882268896,0.08346651654907306,31.12098747977722,0
frame_471.jpg,0.19206523016667815,0.12730121851032733,30.48162824738246,0
frame_472.jpg,0.22367904742490305,0.25012892961536726,29.4786352733893,0
frame_473.jpg,0.21933307386529133,0.03097891054043949,28.48082989008299,0
frame_474.jpg,0.2203863582154807,0.10458942336006531,28.413290036002117,0
frame_475.jpg,0.23544720278404452,0.028538734584047803,27.130074943091376,0
frame_476.jpg,0.26139663515751144,0.018588480456671535,26.84964189096597,0
frame_477.jpg,0.2557862044977914,0.06471001082659238,26.632810258435548,0
frame_478.jpg,0.2810219808313207,0.07387825609274937,26.686832237301687,0
frame_479.jpg,0.32357089779954384,0.017299070511314258,25.513499004748194,0
frame_480.jpg,0.3153441846670504,0.038181524454438086,25.597079901867623,0
frame_481.jpg,0.3357483353740734,0.0562347371628574,24.832956289600823,0
frame_482.jpg,0.32915387190141887,0.10599247072055033,24.878407164516503,0
frame_483.jpg,0.3367347573514603,0.02823996335523559,24.695107701405533,0
frame_484.jpg,0.375904501962797,0.032054410459402,24.76257012090868,0
frame_485.jpg,0.3262045140941927,0.0730380907306345,23.37248976320585,0
frame_486.jpg,0.36252204071695504,0.09393821053170882,24.59072767069211,0
frame_487.jpg,0.3592115260722414,0.07702724583698024,23.469311563442965,0
frame_488.jpg,0.34711746643378116,0.1495047902506491,24.976180260628055,0
frame_489.jpg,0.34039548758304966,0.09517330715251296,25.002580629543765,0
frame_490.jpg,0.36412813223695634,0.06345508633094299,24.316210455868347,0
frame_491.jpg,0.35689397770087045,0.08973091409525764,23.41999702303866,0
frame_492.jpg,0.3442325062826445,0.09257108133294188,25.176732248498922,0
frame_493.jpg,0.35222902671724193,0.06838034969785485,24.2604786427362,0
frame_494.jpg,0.3637330123297322,0.07729950793771082,23.971922090144204,0
frame_495.jpg,0.35134948508396735,0.11047487196130629,25.09133551803247,0
frame_496.jpg,0.3735102506668785,0.08259671740399926,24.922161986704722,0
frame_497.jpg,0.36186308054165967,0.07011444399075929,25.553457791191867,0
frame_498.jpg,0.35948199654600255,0.08124929531917015,25.335174097413322,0
frame_499.jpg,0.3727875229450748,0.07483388683924568,26.19665447885235,0
frame_5.jpg,0.33637788452760403,0.02646756706498892,33.504806582851266,0
frame_500.jpg,0.3604006197112111,0.12114036831427606,25.78976815883864,0
frame_501.jpg,0.33741912224347514,0.0990352484068146,25.29211149533515,0
frame_502.jpg,0.32947660308495924,0.1077603769339239,26.112291402435716,0
frame_503.jpg,0.3396323777712519,0.09973658169587937,25.265513646633625,0
frame_504.jpg,0.3458702505571679,0.1145000119766942,25.755527317146075,0
frame_505.jpg,0.385597787179659,0.09203733324336649,25.15430614889733,0
frame_506.jpg,0.3362357099191903,0.12543553522072703,26.412119131441774,0
frame_507.jpg,0.2843837812132742,0.13285670602742167,27.687612679647387,0
frame_508.jpg,0.28133766393186854,0.08384322842620136,28.272554395865477,0
frame_509.jpg,0.24674110778211994,0.08309522400232916,29.482125031036585,0
frame_510.jpg,0.18321580437305485,0.05792844463634922,28.911687960135964,0
frame_511.jpg,0.1832340613137194,0.10437303553557181,29.31768715821393,0
frame_512.jpg,0.18558976092103857,0.1669627064758956,28.45918297561282,0
frame_513.jpg,0.14526384116133428,0.027386983731872896,28.151013672331363,0
frame_514.jpg,0.17057946944411095,0.10134209847769796,26.66112777407138,0
frame_515.jpg,0.1610688105347108,0.013876848237393777,26.605868887449216,0
frame_516.jpg,0.19057968000687597,0.14905794949329404,24.890862634785396,0
frame_517.jpg,0.25452572595593564,0.14998085983160353,23.053199499059204,0
frame_518.jpg,0.2397434967973044,0.16198351242770534,22.316852754009837,0
frame_519.jpg,0.2956834268081461,0.02980393888392014,20.261211386919864,0
frame_520.jpg,0.2590869971879307,0.04992895854952681,21.546818461307666,0
frame_521.jpg,0.30804120665997003,0.06575959492214292,20.32381575993503,0
frame_522.jpg,0.2853184619529907,0.03617127425798423,20.560457631440205,0
frame_523.jpg,0.2986281265406527,0.07630633705825103,19.398212057412046,0
frame_524.jpg,0.28248693497693855,0.05356899474842676,19.33090047439788,0
frame_525.jpg,0.28301608048338095,0.053808205135149875,20.105779562788285,0
frame_526.jpg,0.29169932160370415,0.059394759047526245,19.345298069522634,0
frame_527.jpg,0.31490108050823973,0.026440210839376446,19.352749837674367,0
frame_528.jpg,0.31373549497323383,0.0812861465363032,19.201375507620305,0
frame_529.jpg,0.2822883075402365,0.06419234095512805,19.939458352408064,0
frame_530.jpg,0.2453084304856209,0.021289920904603882,20.9917323093256,0
frame_531.jpg,0.2668747315900939,0.16887731478919943,21.50532697298998,0
frame_532.jpg,0.2801655506936159,0.17156703783610436,21.701755929597645,0
frame_533.jpg,0.28431812129346723,0.12407253853235667,22.081893054754183,0
frame_534.jpg,0.26103843003000526,0.01564376468097679,20.58290506219975,0
frame_535.jpg,0.2626209669814976,0.14866166146657156,22.12781184703422,0
frame_536.jpg,0.2626716882845588,0.031844078035981854,22.882616749465893,0
frame_537.jpg,0.24505367306561393,0.12029631430705633,23.16250530440982,0
frame_538.jpg,0.27678941204315477,0.14503514840199802,22.486901289447385,0
frame_539.jpg,0.24305259687427364,0.16085767081103688,21.66702909742021,0
frame_540.jpg,0.2647684724679863,0.11937058226522752,22.3601935274859,0
frame_541.jpg,0.264089772432185,0.01602511017146212,23.26450717536335,0
frame_542.jpg,0.2841077757104937,0.19731437655967554,22.1586676215773,0
frame_543.jpg,0.28954806877866957,0.07142857142857142,27.212244295073397,0
frame_544.jpg,0.2825985247053513,0.0752139409779413,27.833316932566323,0
frame_545.jpg,0.2953326695532239,0.047136262375315034,27.33502837780081,0
frame_546.jpg,0.3092092586325734,0.06475550568743328,27.178096421732832,0
frame_547.jpg,0.31964777125496496,0.14285714285714285,27.69637908316884,0
frame_548.jpg,0.29322965885029967,0.02570872483645304,26.963028202124875,0
frame_549.jpg,0.2953258460316579,0.07547169811320754,27.036584730812024,0
frame_550.jpg,0.3044155057793676,0.01817881366751496,27.37011146034972,0
frame_551.jpg,0.2907471884022831,0.03772913389522725,27.062198724433244,0
frame_552.jpg,0.30501578797447615,0.01818181818181818,27.10331447060681,0
frame_553.jpg,0.297578607691955,0.02234999730566958,27.677762303103247,0
frame_554.jpg,0.29773727667245686,0.02194739602157359,27.129361487698123,0
frame_555.jpg,0.2852490565576683,0.034430490243285095,27.524103826673624,0
frame_556.jpg,0.3110536830885116,0.0673076923076923,26.96450917194341,0
frame_557.jpg,0.2955377454765122,0.02631578947368421,26.543737766801396,0
frame_558.jpg,0.3055550614926478,0.046296296296296294,27.286323387310105,0
frame_559.jpg,0.3110650387123455,0.05454545454545454,27.112495931926624,0
frame_56.jpg,0.4761301993558074,0.2759280680442772,33.23392240534228,0
frame_560.jpg,0.3167367377220905,0.04449578059088066,27.64550556515381,0
frame_561.jpg,0.3127148982079838,0.07520104752777751,26.72417947760188,0
frame_562.jpg,0.29869999392056756,0.05855065872057255,26.894457810262644,0
frame_563.jpg,0.318844792433207,0.12579579356055978,27.109424500436326,0
frame_564.jpg,0.3130098323497644,0.11185825239576581,26.593379733963765,0
frame_565.jpg,0.3190722039615155,0.05454545454545454,26.56679214489919,0
frame_566.jpg,0.3156637480164868,0.04218996183961868,26.05950003861156,0
frame_567.jpg,0.31912856362836145,0.050927789034605375,25.92673788885825,0
frame_568.jpg,0.3159441837571322,0.050927789034605375,25.738561235562774,0
frame_569.jpg,0.32030065188797985,0.06481481481481481,26.321868078410827,0
frame_57.jpg,0.4461984750916162,0.23502995475502525,34.224166041190465,0
frame_570.jpg,0.33948970791980804,0.04998468183026083,25.64119523748014,0
frame_571.jpg,0.34572249275268085,0.047790673366307226,25.651096393187117,0
frame_572.jpg,0.36503379751230813,0.05292495723204088,25.26699881980563,0
frame_573.jpg,0.3197344427684584,0.04296953680292129,25.776707666460048,0
frame_574.jpg,0.35747992226337766,0.04299335803923478,26.113200335987116,0
frame_575.jpg,0.3428964364698955,0.11728686797794723,25.234832153080283,0
frame_576.jpg,0.3449896722383031,0.026664296612298865,24.797519834339038,0
frame_577.jpg,0.33934177583454755,0.02618465060531822,24.493027869533243,0
frame_578.jpg,0.33118963534281404,0.04866108966139284,24.99682061807659,0
frame_579.jpg,0.37345446593058473,0.04819183158785723,24.549333866104796,0
frame_58.jpg,0.43178468588802144,0.17627409113380027,37.16413019927904,0
frame_580.jpg,0.33065448344002996,0.021541744256229838,24.62373980275794,0
frame_581.jpg,0.35266078065057316,0.03507292903142674,26.48324917848436,0
frame_582.jpg,0.3937328675214645,0.14427746420619034,26.352650365852256,0
frame_583.jpg,0.39303486058056325,0.024098796759500222,26.09337652927534,0
frame_584.jpg,0.3472663718832362,0.05288430825735567,25.736514002147075,0
frame_585.jpg,0.34128529661832835,0.04376881095324085,26.083465651061474,0
frame_586.jpg,0.37898133292124436,0.04059543635518039,26.390799878631544,0
frame_587.jpg,0.35596499432518425,0.031093048926761742,25.90351309407856,0
frame_588.jpg,0.35067630051626997,0.021914819675722386,25.251916476943677,0
frame_589.jpg,0.32886925407012385,0.041344911529736156,24.912102162245848,0
frame_59.jpg,0.4264288433704482,0.02966630275542944,35.3371614118557,0
frame_590.jpg,0.3564196699458783,0.041344911529736156,24.873188246558293,0
frame_591.jpg,0.33554163833611605,0.031064383806879283,24.93435312242794,0
frame_592.jpg,0.3539640664109705,0.03374686477408034,24.755998150830806,0
frame_593.jpg,0.3699941610910808,0.04149818106459348,25.61899730300395,0
frame_594.jpg,0.3400757645262218,0.03993448232542004,26.297954020463056,0
frame_595.jpg,0.3260827694206615,0.018169809053571493,25.604247122054474,0
frame_596.jpg,0.3509167463470738,0.021914819675722386,25.464365387423655,0
frame_597.jpg,0.33792898113554765,0.024795505478113475,25.00144499987708,0
frame_598.jpg,0.3725572336966424,0.029917459035288564,25.773569721776557,0
frame_599.jpg,0.35609756956671557,0.04601045448027874,25.32693966895368,0
frame_6.jpg,0.3321451482721719,0.0,33.5526132562925,0
frame_60.jpg,0.3363862308481869,0.03351066437142453,39.592848974335226,0
frame_600.jpg,0.28897982068847694,0.045103791964155364,28.00015715045253,0
frame_601.jpg,0.20940417300158187,0.03370655624447972,29.636715073842993,0
frame_602.jpg,0.21739723898167632,0.03246266114934579,31.331061513122854,0
frame_603.jpg,0.25835265092671217,0.021889582563174925,30.24192454563407,0
frame_604.jpg,0.2967362623596016,0.03706733237505354,29.150645086623538,0
frame_605.jpg,0.2940336518477921,0.0309108372017933,29.166626257577413,0
frame_606.jpg,0.3429846568785923,0.02147006907861741,28.57108275880283,0
frame_607.jpg,0.3378946621788991,0.02667958139235166,27.450210449292154,0
frame_608.jpg,0.33383850548698984,0.030775858909803108,28.06047610319272,0
frame_609.jpg,0.3512358346805473,0.040548686639172285,27.70786417200606,0
frame_61.jpg,0.4299994903459771,0.10865369696665383,35.41032068471772,0
frame_610.jpg,0.3542681871556653,0.0404888165089458,26.507496631809175,0
frame_611.jpg,0.3565467607487447,0.020386362098428853,26.538116563017617,0
frame_612.jpg,0.32645212314956784,0.039079200003816636,25.865225979719472,0
frame_613.jpg,0.30941637840014036,0.03984957546325551,26.750851353919728,0
frame_614.jpg,0.339826387550097,0.04129552760618093,26.20744973919936,0
frame_615.jpg,0.37338628402372964,0.031897528116840455,26.190423891966976,0
frame_616.jpg,0.3745535567495442,0.03638288558349195,26.366247200063093,0
frame_617.jpg,0.3348560229065728,0.017476749542968805,26.616134009597737,0
frame_618.jpg,0.3635412743056552,0.035770661307188874,25.150080913137927,0
frame_619.jpg,0.36352141229650703,0.043591860833295554,27.08184126591504,0
frame_62.jpg,0.46929571009380994,0.11547543086091516,35.09420447278934,0
frame_620.jpg,0.3629508288664061,0.03701634954487712,26.1976660366432,0
frame_621.jpg,0.35053405276191163,0.03135166298514259,27.08184126591504,0
frame_622.jpg,0.3493015884033903,0.03135166298514259,27.450210191755154,0
frame_623.jpg,0.3580337559173421,0.03970255105026776,26.928146031895494,0
frame_624.jpg,0.3511509512258036,0.01750082037018273,27.221399859239867,0
frame_625.jpg,0.3498905128291762,0.017786387594901105,26.67166916120329,0
frame_626.jpg,0.37285789607042785,0.03701634954487712,26.225559624517906,0
frame_627.jpg,0.3409567137229382,0.03246266114934579,26.386399152746748,0
frame_628.jpg,0.3746885321971132,0.03701634954487712,26.944514429195618,0
frame_629.jpg,0.35460633832917277,0.03147843809229956,26.246699787649323,0
frame_63.jpg,0.40982809058160297,0.06431149188846043,35.34844190098909,0
frame_630.jpg,0.3713945390761392,0.0330480962477625,26.425090252595297,0
frame_631.jpg,0.38299287106303376,0.039786249533040434,25.706032716354613,0
frame_632.jpg,0.35414820584503837,0.03911568518191841,26.82257076391743,0
frame_633.jpg,0.28838806741509004,0.053215208419019146,28.063745427206896,0
frame_634.jpg,0.2428792210635809,0.020456498872462377,26.646488314449556,0
frame_635.jpg,0.32476257671203523,0.028382193706888697,25.839610184768517,0
frame_636.jpg,0.30869106615788433,0.05167852145148959,25.297791928266413,0
frame_637.jpg,0.38891586587648364,0.07825394677304054,24.134567745057073,0
frame_638.jpg,0.4255401409270576,0.15361126213119747,23.14202622636917,0
frame_639.jpg,0.3238982658642362,0.09029063290146108,24.789408095828342,0
frame_64.jpg,0.2801408804840476,0.17170789392862532,30.1288559143517,0
frame_640.jpg,0.25782767100377846,0.04071639637402852,27.23842035017521,0
frame_641.jpg,0.1919548567214848,0.09064933527526818,27.32344391329807,0
frame_642.jpg,0.23190977923901546,0.18107149208503706,25.96034791961226,0
frame_643.jpg,0.20791040011952322,0.1603662121454348,26.120252553429253,0
frame_644.jpg,0.26621681419193677,0.13354224134538434,25.946977328821312,0
frame_645.jpg,0.1729756687171564,0.11032326876364902,27.169534015577693,0
frame_646.jpg,0.18762693969912375,0.06212286898804123,27.58486169329275,0
frame_647.jpg,0.22277688118056543,0.21669746837705142,26.726506803713402,0
frame_648.jpg,0.3023905824977653,0.23260657250477768,22.93277086911653,0
frame_649.jpg,0.2633787106547896,0.16508204552962527,24.18305191657992,0
frame_65.jpg,0.32808323090885055,0.1389480814659407,36.256643738297534,0
frame_650.jpg,0.22048973539339692,0.1515980089423659,24.58288224541372,0
frame_651.jpg,0.18006404483001454,0.23745957942808918,26.66279513089959,0
frame_652.jpg,0.22995623801199075,0.050379272185987846,27.230833779665417,0
frame_653.jpg,0.2785614673274363,0.05866380965321945,28.29405898389264,0
frame_654.jpg,0.1580592268071349,0.012624894069692607,30.682254837284916,0
frame_655.jpg,0.16720173972488164,0.04464107779862308,32.84803271990508,0
frame_656.jpg,0.16877062834761786,0.0349377231110341,33.978387849275,0
frame_657.jpg,0.18967010758962627,0.03913302400974161,33.001986172785244,0
frame_658.jpg,0.1625176828823228,0.09331630339976348,31.80893366283872,0
frame_659.jpg,0.277539164504772,0.19988445000962288,28.96070966477347,0
frame_66.jpg,0.4370223801381842,0.11741339000134045,34.484099940312994,0
frame_660.jpg,0.26608037373889476,0.030268049057587565,27.18694467677119,0
frame_661.jpg,N/A,N/A,N/A,0
frame_662.jpg,0.31064174066088857,0.13372017026187058,38.77273167838945,0
frame_663.jpg,0.2552830031924732,0.2097275311991929,38.00445108509035,0
frame_664.jpg,N/A,N/A,N/A,0
frame_665.jpg,0.23629075189069604,0.259290801006996,40.6918264026573,0
frame_666.jpg,0.29759592474395585,0.09839330969537641,39.18909069847298,0
frame_667.jpg,0.29728764874965596,0.13827029934869292,39.403381373407456,0
frame_668.jpg,0.31664643610889903,0.13157834799532808,38.62364314569467,0
frame_669.jpg,0.33175373807656217,0.13873429919382588,38.31834984879575,0
frame_67.jpg,0.4478767414348006,0.10036644891978548,35.132356780912104,0
frame_670.jpg,0.35491343208639026,0.18778800456099085,38.94125493686497,0
frame_671.jpg,0.34021440731559405,0.10754152087108226,38.330451726368054,0
frame_672.jpg,0.3343521856360133,0.03683061626811402,38.890842795804204,0
frame_673.jpg,0.3584686137346045,0.050341642442038294,38.092859876596265,0
frame_674.jpg,0.35012655903001416,0.15063489058519072,38.481838872538724,0
frame_675.jpg,0.3578587298969336,0.1990559644148049,38.25386899700391,0
frame_676.jpg,0.3431905451913143,0.16540349904346766,37.524753116744876,0
frame_677.jpg,0.3060074474454598,0.14896917783879454,39.370949599771265,0
frame_678.jpg,0.16879906169467668,0.16344216898388225,42.27841210072073,0
frame_679.jpg,N/A,N/A,N/A,0
frame_68.jpg,0.29745863895052904,0.05570620037553528,33.731981625139625,0
frame_680.jpg,0.2649390095108849,0.09507880723014266,27.130068690906594,0
frame_681.jpg,0.2571836288983658,0.11538461538461539,27.58087594382299,0
frame_682.jpg,0.2889991801676017,0.11105516392170749,27.967689628978277,0
frame_683.jpg,0.28340275406577087,0.11765952679990214,27.063792137952696,0
frame_684.jpg,0.26640616861048605,0.12349738236393307,28.958009356144895,0
frame_685.jpg,0.24997324447855296,0.11533003420115236,29.074516313201748,0
frame_686.jpg,0.26760306098557685,0.08654183582373796,28.92060500933037,0
frame_687.jpg,0.2544373099523499,0.07105140534678099,29.036660415750397,0
frame_688.jpg,0.2792497028429096,0.007932511708693392,30.440141220797702,0
frame_689.jpg,0.24111492592895384,0.015871016626723793,30.19440619401155,0
frame_69.jpg,0.4212447480750009,0.1926862675141364,35.081775778565365,0
frame_690.jpg,0.2488351304633018,0.021754557377304695,29.896325773354867,0
frame_691.jpg,0.27913603740157333,0.007811546500271057,30.39110109487475,0
frame_692.jpg,0.241607875855631,0.06765497121981075,29.887906484003963,0
frame_693.jpg,0.2693819206932852,0.0788600934412113,31.2394553301026,0
frame_694.jpg,0.27668900467775304,0.09244048771102133,31.11119934687565,0
frame_695.jpg,0.26776612204964995,0.09584665524495242,30.117782565885733,0
frame_696.jpg,0.2638888888888889,0.09089865777760431,30.640356100839295,0
frame_697.jpg,0.26988111534361864,0.08407383136941857,29.499400568405207,0
frame_698.jpg,0.23784888058653486,0.09089865777760431,30.003287278066388,0
frame_699.jpg,0.27745339700381094,0.12354120943659586,30.132460944094127,0
frame_7.jpg,0.36238610776761837,0.008377666092856133,32.26565633929822,0
frame_70.jpg,0.3200780875426911,0.1597110952134535,32.361556305706145,0
frame_700.jpg,0.28292023276053163,0.1129226883638651,30.58046403268416,0
frame_701.jpg,0.28613619563067627,0.10823898316819597,30.165629101908262,0
frame_702.jpg,0.30354312838342723,0.11410801324468597,29.652240275272312,0
frame_703.jpg,0.2957937345002387,0.12548638865858242,30.281804849589196,0
frame_704.jpg,0.2943475044034377,0.10713739108887084,30.028825646909908,0
frame_705.jpg,0.287023802917059,0.12121212121212122,29.50774512238445,0
frame_706.jpg,0.2998251748251748,0.09902324099898087,27.84885696596539,0
frame_707.jpg,0.30128075895106077,0.1093616510037948,28.60583338821675,0
frame_708.jpg,0.3201912129480934,0.10712509552549887,27.5357427757823,0
frame_709.jpg,0.2606344122625317,0.10210525402058343,26.974689632513673,0
frame_71.jpg,0.38447215730134643,0.16277274071977962,31.710466727532292,0
frame_710.jpg,0.30174897437167836,0.10878565864408424,28.1609032320518,0
frame_711.jpg,0.2922494172494172,0.11224792601347724,29.01028407110109,0
frame_712.jpg,0.27693670787951646,0.1171875,28.237450133362795,0
frame_713.jpg,0.30274769760531517,0.11109711638706654,28.695080444189976,0
frame_714.jpg,0.33492595913623646,0.10482507566869048,28.379141157363808,0
frame_715.jpg,0.2956937101065893,0.10151294522759395,28.6223800361293,0
frame_716.jpg,0.29581447963800905,0.09672388203287414,29.641452694409793,0
frame_717.jpg,0.3002400287241058,0.08866355853013463,29.604397905162514,0
frame_718.jpg,0.3131870877525178,0.008186826533298911,28.83325729412151,0
frame_719.jpg,0.30412317719024407,0.07495836802343657,27.98138511870097,0
frame_72.jpg,0.3519002399563579,0.1212678125181665,32.984970956513536,0
frame_720.jpg,0.3045639588406447,0.03661260129691063,27.83469799940792,0
frame_721.jpg,0.30818998263540254,0.08946168784277639,27.960253879041566,0
frame_722.jpg,0.3002447592050037,0.08192319205190404,28.21346959587931,0
frame_723.jpg,0.3365833432897866,0.0,28.65691428248296,0
frame_724.jpg,0.31049186623385516,0.060662424866036124,29.081523525514143,0
frame_725.jpg,0.3063636363636364,0.06892455167955776,29.80000372667743,0
frame_726.jpg,0.3244932453207681,0.0422044017809833,28.836963367597683,0
frame_727.jpg,0.3233131194139036,0.008192319205190405,29.1845962731854,0
frame_728.jpg,0.31924077996360667,0.02891740358739322,28.478789533649632,0
frame_729.jpg,0.32151515151515153,0.027892992237714884,28.73139346836655,0
frame_73.jpg,0.41585988441323124,0.11168964269166505,31.33910090111283,0
frame_730.jpg,0.3422248964433485,0.02043303957704719,28.578616487909457,0
frame_731.jpg,0.3140954879084129,0.011977980754514665,28.08508256549039,0
frame_732.jpg,0.3269174877450105,0.025409134249317834,28.388841702606797,0
frame_733.jpg,0.3447763010525686,0.037107131654349076,28.688003186876063,0
frame_734.jpg,0.34625,0.03992342047858118,27.74214520278197,0
frame_735.jpg,0.2970117480021158,0.04385290096535146,27.855418402094227,0
frame_736.jpg,0.31125457881750385,0.00861556895994472,27.81117914013872,0
frame_737.jpg,0.2974549039111887,0.020447692170953942,27.529552968163067,0
frame_738.jpg,0.31873435937440275,0.02043303957704719,28.533020922633114,0
frame_739.jpg,0.2955685467910296,0.05961117970654755,28.178839723399722,0
frame_74.jpg,0.3484468460024346,0.12277430273377532,32.286705744685165,0
frame_740.jpg,0.3340724814958724,0.06765497121981075,28.640505269683345,0
frame_741.jpg,0.29964183881357975,0.05219271344959685,29.088394999250553,0
frame_742.jpg,0.3067104413859604,0.026933587177463428,29.585411903352483,0
frame_743.jpg,0.30684987936421826,0.02043303957704719,27.965323978548057,0
frame_744.jpg,0.30577693760809393,0.028435986302107877,28.708889451649085,0
frame_745.jpg,0.3267181692627056,0.023171377854539692,27.874523230497864,0
frame_746.jpg,0.33418198783609765,0.01638463841038081,26.461295433821455,0
frame_747.jpg,0.3300091999239972,0.02009334534975618,29.128141199406148,0
frame_748.jpg,0.30454747532990145,0.007927524902574902,27.757476268222234,0
frame_749.jpg,0.3229519352966678,0.03904344047215152,26.450559735066573,0
frame_75.jpg,0.4231242321774138,0.17516631391298118,32.316318505416966,0
frame_750.jpg,0.35361635321680707,0.0080550919038871,28.57183997887667,0
frame_751.jpg,0.33640862923006487,0.029415392390603923,28.374461586981973,0
frame_752.jpg,0.36133161980131795,0.024968808471946116,27.671690788583774,0
frame_753.jpg,0.3650244340608799,0.02009334534975618,27.54547560792672,0
frame_754.jpg,0.37174449176400304,0.0,26.759860411582746,0
frame_755.jpg,0.36415264758234434,0.016338647889054304,28.312729595037315,0
frame_756.jpg,0.37472733198574926,0.04672081999599992,27.798981729726187,0
frame_757.jpg,0.3743337625329198,0.020784401300985873,27.82714132733954,0
frame_758.jpg,0.39824095824591854,0.021164287772317845,27.81050104794057,0
frame_759.jpg,0.3715867438195187,0.01635831064016904,26.929748214580247,0
frame_76.jpg,0.3844312529662309,0.19252346212991944,32.352210810225344,0
frame_760.jpg,N/A,N/A,N/A,0
frame_761.jpg,0.3912344494743926,0.020447692170953942,26.77156093401919,0
frame_762.jpg,0.36578189384239557,0.033854568453276626,27.705351959878584,0
frame_763.jpg,0.37015225994414125,0.024576957615571215,27.773879281852608,0
frame_764.jpg,0.3319448181917457,0.0,27.357720388022642,0
frame_765.jpg,0.35411080039301823,0.030916831231478918,28.06819449856883,0
frame_766.jpg,0.3399453337477971,0.01885874150406247,25.97978568162553,0
frame_767.jpg,0.3259236433278874,0.018287397700683578,27.196356434625308,0
frame_768.jpg,0.368262151939172,0.012626906806902635,28.237012656028945,0
frame_769.jpg,0.3406673927576808,0.035066140133044446,29.164190454667953,0
frame_77.jpg,0.3858878886956808,0.1862990510876626,31.821448530171416,0
frame_770.jpg,0.3200555411956797,0.03922285164351657,28.691154674803293,0
frame_771.jpg,N/A,N/A,N/A,0
frame_772.jpg,0.3233185092864202,0.05383978265121395,27.445849204468928,0
frame_773.jpg,N/A,N/A,N/A,0
frame_774.jpg,N/A,N/A,N/A,0
frame_775.jpg,0.38614978647236775,0.021143019383791626,19.19861964531997,0
frame_776.jpg,0.3559813129786596,0.026057385066225226,18.692668893721944,0
frame_777.jpg,0.2530739549649258,0.057338432189294526,19.497904827827707,0
frame_778.jpg,0.1944909758755149,0.06497831658239658,22.2435944557851,0
frame_779.jpg,0.17425659515268005,0.08564167358391048,20.96695681710245,0
frame_78.jpg,0.3585707168079749,0.07410864584109403,31.910309178776025,0
frame_79.jpg,0.3959339637596937,0.05963013617182501,32.88630580372182,0
frame_8.jpg,0.3477628968607545,0.018715396153163394,32.36821411884383,0
frame_80.jpg,0.3603471318126159,0.14853415487944466,30.1837704808265,0
frame_81.jpg,0.34906404183859197,0.12163503593625118,31.224730408338957,0
frame_82.jpg,0.34463292305134546,0.25105212027487506,30.39316524215836,0
frame_83.jpg,0.37257723361095835,0.17020748583800335,30.90834652067399,0
frame_84.jpg,0.36660661301185726,0.18631631172034988,32.6013788243993,0
frame_85.jpg,0.34556864568752976,0.20231666737527657,31.54583034376705,0
frame_86.jpg,0.35683446728954277,0.2737585461721388,31.648006868952912,0
frame_87.jpg,0.33179287245586386,0.3019611680443012,31.46972496274094,0
frame_88.jpg,0.2926707695448853,0.20092003943102826,30.512989619344793,0
frame_89.jpg,0.2782716517690247,0.23383876966484513,32.03009230792435,0
frame_9.jpg,0.38932322510319406,0.015961737689352443,33.020149241913224,0
frame_90.jpg,0.32824196735323585,0.20494027649400479,32.622777207910666,0
frame_91.jpg,0.34261986291714885,0.2022447643612523,32.34999725972389,0
frame_92.jpg,0.3121717241096271,0.2163499043970684,32.61290931033608,0
frame_93.jpg,0.3041447073525354,0.18869098361676664,33.53944168456335,0
frame_94.jpg,0.34537715388293355,0.22268447315135484,31.709351561813268,0
frame_95.jpg,0.29962789804988826,0.2717291359447113,33.44210543371793,0
frame_96.jpg,0.3068603533310593,0.2517585993162942,33.59114015155728,0
frame_97.jpg,0.33235435327550494,0.25017217670114755,32.063964557322706,0
frame_98.jpg,0.3150162839154284,0.22181881440457393,32.843684700311144,0
frame_99.jpg,0.3300143883210047,0.22235952357744238,32.701189449414244,0
